{"mean": [2.307563025210084, 0.35126050420168065, 29.959827978250118, 0.4789915966386555, 0.35126050420168065, 30.502015462184872, 1.5445378151260505], "scale": [0.8308302685286888, 0.47736418213944554, 13.470560299541605, 0.9636131192687564, 0.7687013545413429, 41.68595458660225, 0.7838385915771476]}